"year","state_abbr","state","proposed_sales_tax_change","proposed_income_tax_change","proposed_business_tax_change","proposed_cigarette_tax_change","proposed_motor_fuel_tax_change","proposed_other_tax_change","proposed_fee_change","total_proposed_change"
1988,"AL","Alabama",0,0,0,0,0,0,0,0
1988,"AK","Alaska",0,0,0,0,0,0,0,0
1988,"AZ","Arizona",50,20,6.2,0,0,0,0,76.2
1988,"AR","Arkansas",0,0,0,0,0,0,0,0
1988,"CA","California",0,0,0,0,0,0,0,0
1988,"CO","Colorado",0,0,0,0,0,0,0,0
1988,"CT","Connecticut",0,0,0,0,0,0,0,0
1988,"DE","Delaware",0,0,0,0,0,0,0,0
1988,"FL","Florida",0,0,0,0,0,0,0,0
1988,"GA","Georgia",0,0,0,0,0,0,0,0
1988,"HI","Hawaii",0,0,0,0,0,0,0,0
1988,"ID","Idaho",16.7,0,15,0,0,1.8,0,60
1988,"IL","Illinois",0,0,0,0,0,0,0,0
1988,"IN","Indiana",0,0,0,0,0,0,0,0
1988,"IA","Iowa",0,0,6,29.5,2.2,0,0,37.7
1988,"KS","Kansas",-7.3,-21.3,0,0,0,0,0,-28.6
1988,"KY","Kentucky",0,0,0,0,0,0,0,0
1988,"LA","Louisiana",0,0,0,0,0,0,0,0
1988,"ME","Maine",0,0,0,0,0,0,0,35
1988,"MD","Maryland",0,0,0,0,0,0,0,12
1988,"MA","Massachusettes",0,67,7,0,0,0,0,74
1988,"MI","Michigan",0,179,13,0,0,58,0,250
1988,"MN","Minnesota",26,0,12.4,0,0,-3.2,0,35.2
1988,"MS","Mississippi",0,0,0,0,0,0,0,0
1988,"MO","Missouri",0,0,0,0,0,0,0,0
1988,"MY","Montana",0,0,0,0,0,0,0,0
1988,"NE","Nebraska",0,0,0,0,0,0,0,0
1988,"NV","Nevada",0,0,0,0,0,0,0,0
1988,"NH","NewHampshire",0,0,0,0,0,0,0,0
1988,"NJ","NewJersey",0,0,0,0,0,0,0,0
1988,"NM","NewMexico",0,0,0,0,0,0,0,0
1988,"NY","NewYork",0,0,0,0,0,22,0,22
1988,"NC","NorthCarolina",0,0,0,0,0,-27,0,-27
1988,"ND","NorthDakota",0,0,0,0,0,0,0,0
1988,"OH","Ohio",0,0,0,0,0,0,0,0
1988,"OK","Oklahoma",0,-4,0,0,0,0,0,-4
1988,"OR","Oregon",0,0,0,0,0,0,0,0
1988,"PA","Pennsylvania",0,0,0,0,0,0,0,0
1988,"RI","RhodeIsland",0,0,0,0,0,0,0,0
1988,"SC","SouthCarolina",0,0,0,0,0,3.2,0,3.2
1988,"SD","SouthDakota",-48,0,0,0,0,0,0,-48
1988,"TN","Tennessee",0,0,0,0,0,0,0,0
1988,"TX","Texas",0,0,0,0,0,0,0,0
1988,"UT","Utah",0,0,0,0,0,0,0,0
1988,"VT","Vermont",0,-8.5,0,0,0,0,0,-8.5
1988,"VA","Virginia",0,0,0,0,0,0,0,0
1988,"WA","Washington",3.5,0,0,0,0,0,0,3.5
1988,"WV","WestVirginia",0,0,0,12.2,0,34.4,0,96.6
1988,"WI","Wisconsin",134,59,0,0,0,0,0,193
1988,"WY","Wyoming",0,0,0,12.8,0,0,0,16
1989,"AL","Alabama",0,0,0,0,0,0,0,0
1989,"AK","Alaska",0,0,0,0,0,0,0,0
1989,"AZ","Arizona",50,20,6.2,0,0,0,0,76.2
1989,"AR","Arkansas",0,0,0,0,0,0,0,0
1989,"CA","California",0,0,0,0,0,0,0,0
1989,"CO","Colorado",0,0,0,0,0,0,0,0
1989,"CT","Connecticut",0,0,0,0,0,0,0,0
1989,"DE","Delaware",0,0,0,0,0,0,0,0
1989,"FL","Florida",0,0,0,0,0,0,0,0
1989,"GA","Georgia",0,0,0,0,0,0,0,0
1989,"HI","Hawaii",0,0,0,0,0,0,0,0
1989,"ID","Idaho",17.7,0,15,0,0,1.8,0,61
1989,"IL","Illinois",0,0,0,0,0,0,0,0
1989,"IN","Indiana",0,0,0,0,0,0,0,0
1989,"IA","Iowa",0,0,6,29.5,2.2,0,0,38.7
1989,"KS","Kansas",-7.3,-21.3,1,0,0,0,0,-27.6
1989,"KY","Kentucky",0,0,0,0,0,0,0,0
1989,"LA","Louisiana",0,0,0,0,0,0,0,0
1989,"ME","Maine",0,0,0,0,0,0,0,35
1989,"MD","Maryland",0,0,0,0,0,0,0,12
1989,"MA","Massachusettes",0,67,7,0,0,0,0,74
1989,"MI","Michigan",0,179,13,0,0,58,0,250
1989,"MN","Minnesota",26,0,12.4,0,0,-3.2,0,35.2
1989,"MS","Mississippi",0,0,0,0,0,0,0,0
1989,"MO","Missouri",0,0,0,0,0,0,0,0
1989,"MY","Montana",0,0,0,0,0,0,0,0
1989,"NE","Nebraska",0,0,0,0,0,0,0,0
1989,"NV","Nevada",0,0,0,0,0,0,0,0
1989,"NH","NewHampshire",0,0,0,0,0,0,0,0
1989,"NJ","NewJersey",0,0,0,0,0,0,0,1
1989,"NM","NewMexico",0,0,0,0,0,1,0,1
1989,"NY","NewYork",0,0,0,0,0,22,0,22
1989,"NC","NorthCarolina",0,0,0,0,0,-27,0,-27
1989,"ND","NorthDakota",0,0,0,0,0,0,0,0
1989,"OH","Ohio",0,0,0,0,0,0,0,0
1989,"OK","Oklahoma",0,-4,0,0,0,0,0,-4
1989,"OR","Oregon",0,0,0,0,0,0,0,0
1989,"PA","Pennsylvania",0,0,0,0,0,0,0,0
1989,"RI","RhodeIsland",0,0,-2.9,0,0,0,0,-2.9
1989,"SC","SouthCarolina",0,0,0,0,0,3.2,0,3.2
1989,"SD","SouthDakota",-48,0,0,0,0,0,0,-47
1989,"TN","Tennessee",0,0,0,0,0,0,0,0
1989,"TX","Texas",0,0,0,0,0,0,0,0
1989,"UT","Utah",0,0,0,0,0,0,0,0
1989,"VT","Vermont",0,-8.5,0,0,0,1,0,-6.5
1989,"VA","Virginia",0,0,0,0,0,0,0,0
1989,"WA","Washington",3.6,0,0,0,0,0,0,3.6
1989,"WV","WestVirginia",0,0,0,12.2,0,34.4,0,96.6
1989,"WI","Wisconsin",134,59,0,0,0,0,0,193
1989,"WY","Wyoming",0,0,0,12.8,3.2,0,0,16
1990,"AL","Alabama",0,0,0,0,0,0,0,0
1990,"AK","Alaska",53,0,0,0,0,139,0,229
1990,"AZ","Arizona",0,0,10,30,10,205,0,255
1990,"AR","Arkansas",218.9,-36.9,15.7,9.8,2.3,8.6,0,218.4
1990,"CA","California",0,0,0,0,0,0,0,0
1990,"CO","Colorado",0,0,0,0,0,0,0,0
1990,"CT","Connecticut",404,214,70,0,0,0,0,736.7
1990,"DE","Delaware",0,-16.6,1,0,2.6,0,0,-5
1990,"FL","Florida",0,0,0,0,0,0,0,0
1990,"GA","Georgia",687,0,0,0,0,0,0,687
1990,"HI","Hawaii",0,-51,0,-21,-38,0,0,-110
1990,"ID","Idaho",0,5,7,0,0,0,0,12
1990,"IL","Illinois",0,0,0,180,0,0,0,180
1990,"IN","Indiana",0,0,0,0,0,0,0,0
1990,"IA","Iowa",0,0,0,0,0,0,0,0
1990,"KS","Kansas",0,-78.9,0,0,0,0,0,-78.9
1990,"KY","Kentucky",0,0,0,0,0,0,0,0
1990,"LA","Louisiana",-192,183,-10,25,5,29,0,133
1990,"ME","Maine",0,0,0,0,0,0,0,0
1990,"MD","Maryland",0,-32.2,0,0,0,0,0,-32.2
1990,"MA","Massachusettes",80,265,0,20,32,0,0,590
1990,"MI","Michigan",0,0,0,0,0,0,0,0
1990,"MN","Minnesota",0,0,0,0,0,40,0,40
1990,"MS","Mississippi",0,0,0,0,0,0,0,0
1990,"MO","Missouri",0,0,0,55,0,0,0,55
1990,"MY","Montana",0,0,0,0,0,0,0,0
1990,"NE","Nebraska",0,-23.5,0,0,0,0,0,-23.5
1990,"NV","Nevada",0,0,0,38.1,0,59.3,0,97.4
1990,"NH","NewHampshire",0,0,0,0,0,0,0,0
1990,"NJ","NewJersey",0,45,0,0,0,77,0,122
1990,"NM","NewMexico",0,0,0,0,0,0,0,0
1990,"NY","NewYork",72,0,52,108,45,142,0,419
1990,"NC","NorthCarolina",306,0,0,0,0,-12.2,0,293.8
1990,"ND","NorthDakota",22.6,34.9,0,0,0,7.2,0,74.5
1990,"OH","Ohio",0,757,78,90.1,31,0,0,956.1
1990,"OK","Oklahoma",0,0,0,0,0,0,0,0
1990,"OR","Oregon",0,0,40.5,0,0,0,0,40.5
1990,"PA","Pennsylvania",0,0,0,0,0,0,0,0
1990,"RI","RhodeIsland",20,0,7.6,0,4,5.9,0,51.3
1990,"SC","SouthCarolina",0,0,0,0,0,0,0,0
1990,"SD","SouthDakota",0,0,0,0,0,0,0,0
1990,"TN","Tennessee",15,0,0,0,0,4,0,93.3
1990,"TX","Texas",0,0,0,0,0,0,0,0
1990,"UT","Utah",0,0,0,0,0,-19,0,-19
1990,"VT","Vermont",0,-18.1,0,0,0,0,0,-18.1
1990,"VA","Virginia",0,-100,0,0,0,0,0,-100
1990,"WA","Washington",-422,441,0,0,0,-24,0,70
1990,"WV","WestVirginia",159,0,90,0,0,35,0,326
1990,"WI","Wisconsin",-3,-4,0,0,0,-6,0,-9.1
1990,"WY","Wyoming",0,0,0,2,0.2,0,0,2.2
1991,"AL","Alabama",0,0,0,0,0,55,0,55
1991,"AK","Alaska",0,0,0,0,0,0,0,34.2
1991,"AZ","Arizona",0,69.3,39.3,30.5,0,30.9,0,170
1991,"AR","Arkansas",0,0,0,0,0,0,0,0
1991,"CA","California",0,0,0,0,0,0,0,0
1991,"CO","Colorado",0,0,0,0,0,0,0,0
1991,"CT","Connecticut",0,0,0,0,0,0,0,0
1991,"DE","Delaware",0,0,0,0,5,2.9,0,7.9
1991,"FL","Florida",0,0,0,259.3,0,0,0,259.3
1991,"GA","Georgia",-125,0,0,0,0,0,0,-125
1991,"HI","Hawaii",0,-64,0,0,0,-45,0,-109
1991,"ID","Idaho",0,0,0,0,0,0,0,0
1991,"IL","Illinois",0,0,0,80,0,135,0,215
1991,"IN","Indiana",0,0,0,0,0,0,0,0
1991,"IA","Iowa",0,0,0,0,0,0,0,0
1991,"KS","Kansas",0,0,0,0,0,0,0,0
1991,"KY","Kentucky",82.4,332.2,30.2,37.8,0,0,0,482.6
1991,"LA","Louisiana",0,0,0,0,0,604,0,604
1991,"ME","Maine",0,0,0,0,0,0,0,0
1991,"MD","Maryland",29.5,0,0,0,0,4.7,0,34.2
1991,"MA","Massachusettes",0,0,0,0,0,12,0,12
1991,"MI","Michigan",0,0,0,0,0,0,0,0
1991,"MN","Minnesota",0,0,0,0,0,0,0,0
1991,"MS","Mississippi",0,0,0,0,0,0,0,0
1991,"MO","Missouri",5,0,0,0,0,0,0,5
1991,"MY","Montana",0,0,0,0,0,0,0,0
1991,"NE","Nebraska",0,0,0,0,0,0,0,0
1991,"NV","Nevada",0,0,0,0,0,0,0,0
1991,"NH","NewHampshire",0,0,0,7.8,1.9,16.1,0,35.8
1991,"NJ","NewJersey",1007,0,0,100,52,255,0,1414
1991,"NM","NewMexico",45.7,0,0,9.1,0,0,0,54.8
1991,"NY","NewYork",77,400,175,66,0,426,0,1144
1991,"NC","NorthCarolina",0,0,0,0,0,0,0,0
1991,"ND","NorthDakota",0,0,0,0,0,0,0,0
1991,"OH","Ohio",0,0,0,0,0,0,0,116
1991,"OK","Oklahoma",97,101.4,0,0,0,5,0,203.4
1991,"OR","Oregon",0,0,0,0,0,0,0,0
1991,"PA","Pennsylvania",0,0,0,0,0,0,0,0
1991,"RI","RhodeIsland",0,0,0,0,0,53.1,0,53.1
1991,"SC","SouthCarolina",0,0,0,0,0,0,0,0
1991,"SD","SouthDakota",0,0,0,0,0,0,0,0
1991,"TN","Tennessee",0,0,0,0,0,0,0,0
1991,"TX","Texas",0,0,0,0,0,0,0,0
1991,"UT","Utah",0,0,0,0,0,0,0,0
1991,"VT","Vermont",5,17.2,3.3,5,0,14,0,44.5
1991,"VA","Virginia",0,15,29.9,0,9.1,0,0,54
1991,"WA","Washington",0,0,0,0,0,0,0,130
1991,"WV","WestVirginia",0,0,0,0,0,0,0,0
1991,"WI","Wisconsin",0,0,0,0,0,0,0,0
1991,"WY","Wyoming",0,0,0,0,0,0,0,0
1992,"AL","Alabama",0,0,0,0,0,0,0,0
1992,"AK","Alaska",0,0,0,0,0,0,0,0
1992,"AZ","Arizona",0,0,0,0,0,0,0,0
1992,"AR","Arkansas",170,-14.2,0,0,0,0,0,155.8
1992,"CA","California",283,370,0,0,17,85,0,755
1992,"CO","Colorado",0,0,0,0,0,0,0,0
1992,"CT","Connecticut",-933.1,1834,-55,0,0,0,0,876.4
1992,"DE","Delaware",0,0,0,0,0,0,0,0
1992,"FL","Florida",55.9,0,0,0,0,332.9,0,388.8
1992,"GA","Georgia",0,0,0,0,0,0,0,0
1992,"HI","Hawaii",0,0,0,0,0,0,0,0
1992,"ID","Idaho",0,0,0,0,0,29,0,64
1992,"IL","Illinois",0,0,0,0,0,0,0,0
1992,"IN","Indiana",0,0,0,0,0,0,0,0
1992,"IA","Iowa",0,0,0,25.6,2.4,0,0,28
1992,"KS","Kansas",478.4,0,0,0,0,0,0,478.4
1992,"KY","Kentucky",0,0,0,0,0,0,0,0
1992,"LA","Louisiana",0,0,0,0,0,0,0,0
1992,"ME","Maine",10,6,21.7,0,0,26.3,0,64
1992,"MD","Maryland",0,0,0,0,0,0,0,0
1992,"MA","Massachusettes",0,0,0,0,0,0,0,0
1992,"MI","Michigan",0,0,0,0,0,101,0,101
1992,"MN","Minnesota",3,36,3,77,11,0,0,130
1992,"MS","Mississippi",0,0,0,0,0,0,0,0
1992,"MO","Missouri",0,0,0,0,0,0,0,0
1992,"MY","Montana",0,9.9,0,0,0,-4.2,0,5.7
1992,"NE","Nebraska",0,0,0,0,0,0,0,0
1992,"NV","Nevada",0,0,0,20.7,0,136.5,0,157.2
1992,"NH","NewHampshire",0,0,0,0,0,0,0,5
1992,"NJ","NewJersey",0,0,0,0,0,0,0,0
1992,"NM","NewMexico",0,0,0,0,0,0,0,0
1992,"NY","NewYork",69,0,25,0,0,189,0,783
1992,"NC","NorthCarolina",0,0,0,0,4.6,0,0,4.6
1992,"ND","NorthDakota",0,0,0,0,0,0,0,0
1992,"OH","Ohio",61.3,31.2,1.7,3.8,0,0,0,98
1992,"OK","Oklahoma",0,0,0,0,0,0,0,0
1992,"OR","Oregon",0,70,11,-10.4,0,0.4,0,71
1992,"PA","Pennsylvania",288,0,334,300,0,773,0,1695
1992,"RI","RhodeIsland",0,102,5,0,0,0,0,127.4
1992,"SC","SouthCarolina",0,0,0,0,0,0,0,0
1992,"SD","SouthDakota",0,0,0,0,0,0,0,0
1992,"TN","Tennessee",0,0,0,0,0,0,0,0
1992,"TX","Texas",0,0,0,0,0,500,0,500
1992,"UT","Utah",0,0,0,0,0,0,0,0
1992,"VT","Vermont",38.1,37.4,0,2.7,0,0,0,78.2
1992,"VA","Virginia",0,0,0,0,0,0,0,0
1992,"WA","Washington",0,0,0,0,0,96.4,0,96.4
1992,"WV","WestVirginia",0,0,0,0,0,0,0,0
1992,"WI","Wisconsin",0,0,0,0,0,0,0,0
1992,"WY","Wyoming",0,0,0,0,0,0,0,0
1993,"AL","Alabama",101.8,149.2,52,0,0,219,0,522
1993,"AK","Alaska",0,0,0,0,0,14.6,0,14.6
1993,"AZ","Arizona",0,-60,0,0,0,0,0,-60
1993,"AR","Arkansas",0,0,0,0,0,0,0,0
1993,"CA","California",0,142,66,0,0,0,0,208
1993,"CO","Colorado",0,0,0,0,0,0,0,0
1993,"CT","Connecticut",0,0,0,0,0,100.6,0,100.6
1993,"DE","Delaware",0,0,0,0,0,5,0,5
1993,"FL","Florida",661.8,0,244,1.9,8,438,0,1353.9
1993,"GA","Georgia",50,0,0,0,0,183,0,233
1993,"HI","Hawaii",0,-4,0,0,0,0,0,-4
1993,"ID","Idaho",0,0,0,0,0,0,0,0
1993,"IL","Illinois",10,0,20,10,83,0,0,123
1993,"IN","Indiana",0,0,0,0,0,0,0,0
1993,"IA","Iowa",9.5,0,0,21.6,0,66,0,97.1
1993,"KS","Kansas",0,0,0,0,0,0,0,0
1993,"KY","Kentucky",0,0,0,0,0,0,0,0
1993,"LA","Louisiana",0,0,0,0,0,177.6,0,177.6
1993,"ME","Maine",0,0,0,0,0,0,0,0
1993,"MD","Maryland",374.4,6,28.4,105,29,45.7,0,710.7
1993,"MA","Massachusetts",0,-140,-52,0,0,0,0,-192
1993,"MI","Michigan",0,0,-3,0,0,18.8,0,15.8
1993,"MN","Minnesota",-0.7,3,2,0,0,11,0,15.3
1993,"MS","Mississippi",0,0,0,0,0,0,0,0
1993,"MO","Missouri",0,0,-30,0,0,0,0,18.4
1993,"MY","Montana",0,49,0,0,0,0,0,49
1993,"NE","Nebraska",0,0,0,13,0,0,0,13
1993,"NV","Nevada",0,0,0,0,0,0,0,0
1993,"NH","NewHampshire",0,0,0,0,0,0,0,0
1993,"NJ","NewJersey",0,0,0,0,0,40.6,0,40.6
1993,"NM","NewMexico",0,0,0,0,0,0,0,0
1993,"NY","NewYork",69,45,10,0,0,154,0,321
1993,"NC","NorthCarolina",0,0,0,0,0,0,0,0
1993,"ND","NorthDakota",0,0,0,0,0,0,0,0
1993,"OH","Ohio",72,53.1,64.3,11.1,0,84.4,0,284.9
1993,"OK","Oklahoma",0,0,0,0,0,0,0,0
1993,"OR","Oregon",0,0,0,0,0,0,0,0
1993,"PA","Pennsylvania",0,0,0,0,0,77.5,0,77.5
1993,"RI","RhodeIsland",40.5,0,16.3,0,0,31.8,0,88.6
1993,"SC","SouthCarolina",5.6,0,0,0,0,73.2,0,78.8
1993,"SD","SouthDakota",0,0,0,4.1,0,0,0,4.1
1993,"TN","Tennessee",0,654,0,0,0,0,0,654
1993,"TX","Texas",0,0,0,0,0,0,0,0
1993,"UT","Utah",0,0,0,0,0,0,0,0
1993,"VT","Vermont",0,0,0,0,0,0,0,0
1993,"VA","Virginia",0,0,0,0,0,28.2,0,28.2
1993,"WA","Washington",20.7,0,11.9,0,0,9.3,0,41.9
1993,"WV","WestVirginia",0,0,0,0,0,0,0,0
1993,"WI","Wisconsin",9,15,0,19.5,0,1,0,44.5
1993,"WY","Wyoming",0,0,0,3.2,1.5,9.5,0,14.2
1994,"AL","Alabama",0,0,0,0,0,0,0,0
1994,"AK","Alaska",0,0,0,0,0,0,3,3
1994,"AZ","Arizona",-1.7,-47,0,0,0,0,0,-48.7
1994,"AR","Arkansas",0,0,0,28.6,0,41.3,21.8,91.7
1994,"CA","California",0,120,70,0,0,0,0,190
1994,"CO","Colorado",0,0,0,0,0,0,0,0
1994,"CT","Connecticut",0,0,0,23,5,103.6,3.8,135.4
1994,"DE","Delaware",0,0,0,0,0,0,5.3,5.3
1994,"FL","Florida",0,0,0,0,0,0,0,0
1994,"GA","Georgia",0,0,0,0,0,0,0,0
1994,"HI","Hawaii",0,0,0,0,0,0,0.9,0.9
1994,"ID","Idaho",112,50,0,0,0,6,0,168
1994,"IL","Illinois",0,0,0,0,0,0,0,0
1994,"IN","Indiana",0,0,0,0,0,0,0,0
1994,"IA","Iowa",0,0,0,0,0,0,0,0
1994,"KS","Kansas",0,0,0,0,0,0,0,0
1994,"KY","Kentucky",0,0,0,0,0,0,0,0
1994,"LA","Louisiana",100,0,50,0,0,130,0,480
1994,"ME","Maine",0,0,0,0,0,0,0,0
1994,"MD","Maryland",-2.8,0,0,0,0,0,18.5,15.7
1994,"MA","Massachusettes",0,0,0,119,0,22.8,-37.5,104.3
1994,"MI","Michigan",24,0,0,0,32,-10,0,46
1994,"MN","Minnesota",-8.4,-5,0,0,0,15.2,2.3,4.1
1994,"MS","Mississippi",0,0,0,0,0,0,0,0
1994,"MO","Missouri",0,0,0,0,0,0,0,0
1994,"MY","Montana",97,-18,0,0,0,-13,0,117
1994,"NE","Nebraska",0,0,0,0,0,0,9,9
1994,"NV","Nevada",0,0,0,0,0,3.3,3.5,6.8
1994,"NH","NewHampshire",0,0,0,0,0,-4,0,-4
1994,"NJ","NewJersey",0,0,0,0,0,0,0,0
1994,"NM","NewMexico",0,0,0,9.9,0,23.9,0,33.8
1994,"NY","NewYork",18,0,56,180,0,83,88,425
1994,"NC","NorthCarolina",0,-4,0,0,0,0,0,-4
1994,"ND","NorthDakota",0,0,0,0,0,23.4,0,23.4
1994,"OH","Ohio",218.7,47.6,3.8,66.5,12.8,67,0,471.4
1994,"OK","Oklahoma",0,0,0,0,0,0,0,0
1994,"OR","Oregon",0,0,2.5,18.2,31.2,0,13.4,65.3
1994,"PA","Pennsylvania",0,0,0,0,0,132,0,132
1994,"RI","RhodeIsland",0,-8.4,-6,4.5,0,0,5.8,0
1994,"SC","SouthCarolina",0,0,0,0,0,0,0,0
1994,"SD","SouthDakota",0,0,0,0,0,0,0,0
1994,"TN","Tennessee",0,0,0,0,0,0,0,0
1994,"TX","Texas",0,0,0,0,0,0,0,0
1994,"UT","Utah",0,0,0,0,0,0,0,0
1994,"VT","Vermont",0,0,0,0,0,0,0,0
1994,"VA","Virginia",0,0,0,0,0,0,0,0
1994,"WA","Washington",636.6,0,-6.1,75.1,6.1,26.4,80.9,945.1
1994,"WV","WestVirginia",18,10,10,0,0,38.8,0,126.8
1994,"WI","Wisconsin",0,0,0,0,0,0,0,0
1994,"WY","Wyoming",66.4,0,0,4,2.4,19,2.7,132.1
1995,"AL","Alabama",0,0,0,0,0,0,0,0
1995,"AK","Alaska",0,0,0,9,6,21.9,1,120.1
1995,"AZ","Arizona",0,-100,0,0,0,0,0,-100
1995,"AR","Arkansas",0,0,0,0,0,0,0,0
1995,"CA","California",0,-95,0,0,0,0,0,-95
1995,"CO","Colorado",0,0,0,0,0,0,0,0
1995,"CT","Connecticut",0,-10,0,0,0,0,12,2
1995,"DE","Delaware",0,0,0,0,0,0,0,0
1995,"FL","Florida",0,0,0,0,0,0,33.7,33.7
1995,"GA","Georgia",-40,-140,0,0,0,0,0,-180
1995,"HI","Hawaii",0,0,0,0,0,2,4.3,6.3
1995,"ID","Idaho",0,0,0,0,0,0,0,0
1995,"IL","Illinois",0,0,0,0,0,0,0,0
1995,"IN","Indiana",0,0,0,0,0,0,0,0
1995,"IA","Iowa",0,0,0,0,0,0,0,0
1995,"KS","Kansas",0,0,0,0,0,0,0,0
1995,"KY","Kentucky",0,0,0,0,0,0,0,0
1995,"LA","Louisiana",0,0,0,0,0,0,0,0
1995,"ME","Maine",0,0,0,0,0,0,0,0
1995,"MD","Maryland",0,0,0,70,0,0,8.6,78.6
1995,"MA","Massachusettes",0,-105,0,0,0,0,0,-105
1995,"MI","Michigan",1883,-255,0,343,0,1173.5,0,3144.5
1995,"MN","Minnesota",0,-11.3,0,0,0,0,-5.4,-16.7
1995,"MS","Mississippi",0,-71.5,0,0,0,0,0,-71.5
1995,"MO","Missouri",0,0,0,0,0,20,5,25
1995,"MY","Montana",0,0,0,0,0,27.7,2.4,70.1
1995,"NE","Nebraska",0,0,0,0,0,-3.8,0,-3.8
1995,"NV","Nevada",0,0,0,0,0,0,0,0
1995,"NH","NewHampshire",0,0,-14,0,0,0,0,-14
1995,"NJ","NewJersey",0,-549,-40,0,0,0,64,-525
1995,"NM","NewMexico",0,-18,0,0,0,0,0,-58.2
1995,"NY","NewYork",-12,-65,-78,0,0,-38,10.8,-182.2
1995,"NC","NorthCarolina",0,0,0,0,0,0,0,0
1995,"ND","NorthDakota",0,0,0,0,0,0,0,0
1995,"OH","Ohio",0,0,0,0,0,0,5,5
1995,"OK","Oklahoma",0,0,0,0,0,0,12.4,12.4
1995,"OR","Oregon",0,3.7,-2.6,29.3,4.2,6.1,0,40.7
1995,"PA","Pennsylvania",0,-52,-72.7,0,0,-2,0,-126.7
1995,"RI","RhodeIsland",0,0,0,5.5,0,-1.7,71.4,75.2
1995,"SC","SouthCarolina",0,-9,0,0,0,0,0,-9
1995,"SD","SouthDakota",0,0,0,0,0,0,0,0
1995,"TN","Tennessee",0,0,0,0,0,0,0,0
1995,"TX","Texas",-191,0,0,0,0,0,0,-191
1995,"UT","Utah",4.1,0,0,0,0,0,0,4.1
1995,"VT","Vermont",0,-45.1,0,0,0,-8.8,0,-53.9
1995,"VA","Virginia",-11.4,-32.4,-15.9,0,0,0,0,-59.7
1995,"WA","Washington",-12.6,0,-9.3,0,0,0,2.4,-19.5
1995,"WV","WestVirginia",0,0,4.8,0,0,0,0,4.8
1995,"WI","Wisconsin",0,0,0,0,0,0,0,0
1995,"WY","Wyoming",0,0,0,0,0,0,0,0
1996,"AL","Alabama",0,0,0,0,0,0,0,0
1996,"AK","Alaska",0,0,0,0,0,0,0,0
1996,"AZ","Arizona",0,-200,0,0,0,0,0,-200
1996,"AR","Arkansas",0,0,0,0,0,0,0,0
1996,"CA","California",0,-105,-125,0,0,0,0,-230
1996,"CO","Colorado",0,0,0,0,0,0,0,0
1996,"CT","Connecticut",0,-222.7,0,0,0,0,26,-196.7
1996,"DE","Delaware",0,-28,0,0,0,0,0,-28
1996,"FL","Florida",0,0,0,0,0,0,13,13
1996,"GA","Georgia",0,0,0,0,0,0,0,0
1996,"HI","Hawaii",3,23.6,0,0,0,0,1.5,28.1
1996,"ID","Idaho",-40,0,0,0,0,0,0,-40
1996,"IL","Illinois",0,0,0,0,0,0,0,0
1996,"IN","Indiana",0,0,0,0,0,-50.1,0,-50.1
1996,"IA","Iowa",0,0,0,0,0,0,0,0
1996,"KS","Kansas",-30.1,0,0,0,0,-43.6,0,-73.7
1996,"KY","Kentucky",0,0,0,0,0,-34,0,-34
1996,"LA","Louisiana",0,0,0,0,0,0,0,0
1996,"ME","Maine",0,0,0,0,0,0,0,0
1996,"MD","Maryland",0,0,0,0,0,0,0,0
1996,"MA","Massachusettes",-7,-20,-7.4,0,0,-0.2,0,-34.6
1996,"MI","Michigan",0,-96.8,-105,0,0,-45,12.2,-234.6
1996,"MN","Minnesota",-1.6,-3.2,-80,0,0,0,-1.8,-86.6
1996,"MS","Mississippi",0,-11.3,0,0,0,0,0,-11.3
1996,"MO","Missouri",0,-10,0,0,0,0,0,-10
1996,"MY","Montana",0,-25,0,0,0,0,0,-25
1996,"NE","Nebraska",0,-40,0,0,0,0,0,-40
1996,"NV","Nevada",0,0,0,0,0,0,0,0
1996,"NH","NewHampshire",0,0,0,0,0,0,0,0
1996,"NJ","NewJersey",-20,-247,-47,0,30,100,17.7,-166.3
1996,"NM","NewMexico",-2.1,-46.5,0,0,0,0,0,-85.1
1996,"NY","NewYork",0,-720,-5,0,0,0,1.5,-723.5
1996,"NC","NorthCarolina",0,-233.1,0,0,0,-110,0,-343.1
1996,"ND","NorthDakota",0,0,0,0,0,0,0,0
1996,"OH","Ohio",0,0,0,0,0,0,12.4,12.4
1996,"OK","Oklahoma",0,-11.1,-14.6,0,0,-11.2,3.7,-33.2
1996,"OR","Oregon",0,0,-146.2,-50,0,0,0,-196.2
1996,"PA","Pennsylvania",0,0,-185.9,0,0,-28.9,0,-214.8
1996,"RI","RhodeIsland",0,0,0,4.9,0,-1.8,-31.8,-28.7
1996,"SC","SouthCarolina",0,-10,0,0,0,0,0,-10
1996,"SD","SouthDakota",0,0,0,6.2,0,2.5,23,31.7
1996,"TN","Tennessee",0,0,0,0,0,0,0,0
1996,"TX","Texas",0,0,0,0,0,0,0,0
1996,"UT","Utah",-6.2,-30,0,0,0,0,0,-36.2
1996,"VT","Vermont",0,0,0,0,0,0,1,1
1996,"VA","Virginia",0,-145.1,0,0,0,0,28.3,-116.8
1996,"WA","Washington",-66,0,-33,0,0,0,0,-99
1996,"WV","WestVirginia",0,0,0,0,0,0,0,0
1996,"WI","Wisconsin",9.5,0,0,0,0,-1.2,0,8.3
1996,"WY","Wyoming",0,0,0,0,0,0,0,0
1997,"AL","Alabama",0,0,0,0,0,0,0,0
1997,"AK","Alaska",0,0,0,33,6,0,8,89
1997,"AZ","Arizona",0,-50,0,0,0,-200,0,-250
1997,"AR","Arkansas",0,0,0,0,0,0,0,0
1997,"CA","California",-5,-457,-110,0,0,0,0,-572
1997,"CO","Colorado",0,0,0,0,0,0,0,0
1997,"CT","Connecticut",0,0,-6.3,0,0,-26.7,18.6,-14.4
1997,"DE","Delaware",0,-38,0,0,0,0,0,-38
1997,"FL","Florida",0,0,0,0,0,0,72.4,72.4
1997,"GA","Georgia",-175,0,0,0,0,0,0,-175
1997,"HI","Hawaii",0,27.2,0,0,0,8.1,0,35.3
1997,"ID","Idaho",0,0,0,0,0,0,0,0
1997,"IL","Illinois",0,0,0,0,0,67,0,67
1997,"IN","Indiana",0,-60,0,0,0,-143.1,0,-203.1
1997,"IA","Iowa",0,-5,-8,0,0,-8.9,0,-21.9
1997,"KS","Kansas",0,0,0,0,0,-75,0,-75
1997,"KY","Kentucky",0,-4.4,0,0,0,-12,0,-16.4
1997,"LA","Louisiana",0,0,0,0,0,0,0,0
1997,"ME","Maine",3.8,2,0,0,0,0.5,0,6.3
1997,"MD","Maryland",0,0,0,0,0,0,0,0
1997,"MA","Massachusettes",0,-133,-46,0,0,0,0,-179
1997,"MI","Michigan",0,-17.6,0,0,0,0,0,-17.6
1997,"MN","Minnesota",-4.4,-14.3,-2.5,0,0,0,0,-21.2
1997,"MS","Mississippi",0,-12,0,0,0,0,0,-12
1997,"MO","Missouri",-150,-4,0,0,0,0,0,-154
1997,"MY","Montana",0,-3,0,0,0,0,0,-3
1997,"NE","Nebraska",0,-11.9,0,0,0,0,0,-11.9
1997,"NV","Nevada",0,0,0,0,0,0,0,0
1997,"NH","NewHampshire",0,0,0,0,0,0,0,0
1997,"NJ","NewJersey",-35,0,-7,0,0,0,0,-42
1997,"NM","NewMexico",0,0,0,0,0,0,0,0
1997,"NY","NewYork",0,-1851,-319,0,0,-98,30.8,-2237.2
1997,"NC","NorthCarolina",0,0,0,0,0,0,0,0
1997,"ND","NorthDakota",0,0,0,0,0,0,0,2.6
1997,"OH","Ohio",0,-69,-16.9,0,0,0,0,-85.9
1997,"OK","Oklahoma",-13,-8,-8,0,0,-5,4,-30
1997,"OR","Oregon",0,-11,0,0,0,0,0,-11
1997,"PA","Pennsylvania",-21.1,0,0,0,0,-39.1,12,-48.2
1997,"RI","RhodeIsland",0,1.7,-2,0,0,-8.3,74.9,66.3
1997,"SC","SouthCarolina",0,-14.5,0,0,0,-4.6,0,-19.1
1997,"SD","SouthDakota",0,0,0,0,0,0,0,0
1997,"TN","Tennessee",0,0,0,0,0,0,0,0
1997,"TX","Texas",0,0,0,0,0,0,0,0
1997,"UT","Utah",0,0,0,0,0,-75,0,-75
1997,"VT","Vermont",0,0,0,0,0,0,0,0
1997,"VA","Virginia",0,0,0,0,0,0,0,0
1997,"WA","Washington",-30.9,0,-14.3,0,0,-16,0,-61.2
1997,"WV","WestVirginia",0,-12.8,0,0,0,0,0,-12.8
1997,"WI","Wisconsin",0,0,0,0,0,1.2,15.7,16.9
1997,"WY","Wyoming",0,0,0,0,0,0,0,0
1998,"AL","Alabama",0,0,0,0,0,0,0,0
1998,"AK","Alaska",0,0,0,0,0,0,0,0
1998,"AZ","Arizona",0,-100,0,0,0,0,0,-100
1998,"AR","Arkansas",0,0,0,0,0,0,0,0
1998,"CA","California",0,0,-93,0,0,0,50,-43
1998,"CO","Colorado",0,0,0,0,0,0,0,0
1998,"CT","Connecticut",0,-219.5,5,0,0,10,8.2,-256.5
1998,"DE","Delaware",0,0,0,0,0,0,5,11.4
1998,"FL","Florida",-3.3,0,0,120.9,0,5.7,24.2,147.5
1998,"GA","Georgia",-222,0,0,0,0,0,0,-222
1998,"HI","Hawaii",0,-10,0,5,0,0,0,-5
1998,"ID","Idaho",0,0,0,0,0,0,0,0
1998,"IL","Illinois",0,0,0,0,0,-150,0,-150
1998,"IN","Indiana",0,-99.6,0,0,0,0,0,-99.6
1998,"IA","Iowa",-4,-196,0,0,0,-18.2,0,-218.2
1998,"KS","Kansas",-33,-20.3,-11.2,0,0,-56.8,0,-121.3
1998,"KY","Kentucky",0,-13.8,0,0,0,0,0,-13.8
1998,"LA","Louisiana",0,0,0,0,0,0,0,0
1998,"ME","Maine",0,48.2,8.4,0,0,2.5,0,59.1
1998,"MD","Maryland",0,-39,0,99.1,0,0,3.2,63.3
1998,"MA","Massachusettes",0,-130,-36,0,0,0,0,-166
1998,"MI","Michigan",0,0,0,0,0,0,0,15
1998,"MN","Minnesota",-1.4,-851.5,-32.1,0,0,0,0,-885
1998,"MS","Mississippi",0,-2.5,0,0,0,0,0,-2.5
1998,"MO","Missouri",-218,0,0,0,0,0,0,-218
1998,"MY","Montana",0,0,0,0,0,-46,0,-46
1998,"NE","Nebraska",0,-121.9,0,0,0,0,0,-121.9
1998,"NV","Nevada",0,0,0,0,0,0,0,0
1998,"NH","NewHampshire",0,0,0,47,0,0,0,47
1998,"NJ","NewJersey",0,0,0,0,0,0,0,0
1998,"NM","NewMexico",0,-15,0,0,0,0,0,-15
1998,"NY","NewYork",26.1,-1761,-197,0,0,-39,73,-1897.9
1998,"NC","NorthCarolina",0,0,0,0,0,0,0,0
1998,"ND","NorthDakota",0,0,0,0,0,0,0,0
1998,"OH","Ohio",0,-336.7,0,0,0,0,28,-308.7
1998,"OK","Oklahoma",0,-2.4,-7.2,0,0,-1.7,0,-11.3
1998,"OR","Oregon",0,0,0,0,0,216,0,216
1998,"PA","Pennsylvania",-21.8,-25.4,0,0,0,-19.7,0,-66.9
1998,"RI","RhodeIsland",0,-6.6,-1.8,0,0,-7,0,-15.4
1998,"SC","SouthCarolina",0,-12.7,0,0,0,-4.6,0,-17.3
1998,"SD","SouthDakota",0,0,0,0,0,0,1,1
1998,"TN","Tennessee",0,0,0,0,0,0,0,0
1998,"TX","Texas",0,0,0,0,0,0,0,0
1998,"UT","Utah",0,0,0,8.2,0,0,19,79
1998,"VT","Vermont",48.9,0,0,0,0,16.5,0,86.3
1998,"VA","Virginia",0,0,0,0,0,-32.6,0,-32.6
1998,"WA","Washington",0,0,-0.8,6.7,0,-112.4,0,-106.5
1998,"WV","WestVirginia",0,0,0,0,0,0,0,0
1998,"WI","Wisconsin",6.4,0,0,20.4,0,0,0,26.8
1998,"WY","Wyoming",0,0,0,0,0,0,0,0
1999,"AL","Alabama",0,0,0,0,0,0,0,0
1999,"AK","Alaska",0,0,0,0,0,0,0,0
1999,"AZ","Arizona",0,-60,-35,0,0,-115,0,-210
1999,"AR","Arkansas",0,-96.8,0,0,0,-1.3,0,-98.1
1999,"CA","California",0,0,0,0,0,0,0,0
1999,"CO","Colorado",0,0,0,0,0,0,0,0
1999,"CT","Connecticut",0,-75,-4,0,0,-4.5,0,-96.8
1999,"DE","Delaware",0,-51.1,0,0,0,-2.3,0,-53.4
1999,"FL","Florida",-6.9,0,0,0,0,0,13.8,6.9
1999,"GA","Georgia",-147,-205,0,0,0,0,0,-352
1999,"HI","Hawaii",111,-149,-12,0,0,0,0,-50
1999,"ID","Idaho",0,0,0,0,0,0,0,0
1999,"IL","Illinois",0,0,0,0,0,0,0,0
1999,"IN","Indiana",0,0,0,0,0,0,0,0
1999,"IA","Iowa",-4,-46.3,0,0,0,0,0,-50.3
1999,"KS","Kansas",-10,-49,-24,0,0,-242,0,-325
1999,"KY","Kentucky",0,-5,-2.5,0,0,0,0,-7.5
1999,"LA","Louisiana",0,-1,0,0,0,-6,0,-7
1999,"ME","Maine",0,0,0,0,0,0,0,0
1999,"MD","Maryland",0,-127.3,0,0,0,0,0,-127.3
1999,"MA","Massachusettes",0,-245,-165,0,0,0,0,-410
1999,"MI","Michigan",0,-180.8,27.4,26,0,-100,0,-196.4
1999,"MN","Minnesota",0,-770,1,0,0,-17.4,0,-786.4
1999,"MS","Mississippi",0,0,0,0,0,0,0,0
1999,"MO","Missouri",0,-120,0,0,0,0,0,-120
1999,"MY","Montana",0,0,0,0,0,0,0,0
1999,"NE","Nebraska",0,-42.1,0,0,0,0,0,-42.1
1999,"NV","Nevada",0,0,0,0,0,0,0,0
1999,"NH","NewHampshire",0,0,0,0,0,0,0,0
1999,"NJ","NewJersey",-24,-10,0,0,0,0,11.3,-22.7
1999,"NM","NewMexico",0,-20,0,0,0,0,0,-20
1999,"NY","NewYork",-38.3,-943,-102,0,0,-32.8,-103.3,-1219.4
1999,"NC","NorthCarolina",0,0,0,0,0,0,0,0
1999,"ND","NorthDakota",0,0,0,0,0,0,0,0
1999,"OH","Ohio",1004,-25.5,-53.4,0,0,0,0,925.1
1999,"OK","Oklahoma",-7.5,-34.9,0,0,0,0,0,-42.4
1999,"OR","Oregon",0,0,0,0,0,0,0,0
1999,"PA","Pennsylvania",0,-54.1,-17.8,0,0,-56.2,0,-128.1
1999,"RI","RhodeIsland",0,-12.9,0,0,0,0,0,-12.9
1999,"SC","SouthCarolina",0,-3,0,0,0,-4.6,-61,-68.6
1999,"SD","SouthDakota",0,0,0,0,0,0,0,0
1999,"TN","Tennessee",0,0,0,0,0,0,0,0
1999,"TX","Texas",0,0,0,0,0,0,0,0
1999,"UT","Utah",-11.2,0,0,0,0,0,0,-11.2
1999,"VT","Vermont",0,0,0,0,0,0,0,0
1999,"VA","Virginia",0,-2.5,-2.5,0,0,-2.5,0,-7.5
1999,"WA","Washington",0,0,0,0,0,-102.2,0,-5.5
1999,"WV","WestVirginia",0,0,0,0,0,0,0,0
1999,"WI","Wisconsin",0,-101,0,0,0,-64,0,-165
1999,"WY","Wyoming",0,0,0,0,0,0,0,0
2000,"AL","Alabama",0,0,0,0,0,0,0,0
2000,"AK","Alaska",0,175,0,0,0,0,0,201.5
2000,"AZ","Arizona",0,0,0,0,0,-13.4,0,-13.4
2000,"AR","Arkansas",0,-15.7,0,0,0,-5.7,0,-21.4
2000,"CA","California",0,0,0,0,0,0,0,0
2000,"CO","Colorado",0,0,0,0,0,0,0,0
2000,"CT","Connecticut",-9.1,-16,0,0,0,-6.4,0,-31.5
2000,"DE","Delaware",0,-11.3,0,0,0,-2,0,-13.3
2000,"FL","Florida",0,0,0,0,0,-1235.5,0,-1235.5
2000,"GA","Georgia",0,0,0,0,0,0,0,0
2000,"HI","Hawaii",8,-8.2,-27,0,0,37.5,0,10.3
2000,"ID","Idaho",0,-1.3,0,0,0,0,0,-1.3
2000,"IL","Illinois",0,-211,-42,0,0,0,0,-253
2000,"IN","Indiana",0,-82.4,0,0,0,0,0,-82.4
2000,"IA","Iowa",0,0,0,0,0,0,0,0
2000,"KS","Kansas",0,-8,0,0,0,-4,0,-12
2000,"KY","Kentucky",0,0,-6,0,0,-1,0,-7
2000,"LA","Louisiana",0,0,0,0,0,0,0,0
2000,"ME","Maine",0,0,0,0,0,0,0,27.9
2000,"MD","Maryland",0,0,0,155,0,0,0,155
2000,"MA","Massachusettes",0,-226,0,0,0,0,0,-226
2000,"MI","Michigan",0,-159.1,-30.9,31,0,-25.3,0,-184.3
2000,"MN","Minnesota",-1,-706.4,5.8,0,0,-95.7,-12.1,-809.4
2000,"MS","Mississippi",0,-50.5,0,0,0,0,0,-50.5
2000,"MO","Missouri",0,-158,-7,0,0,0,0,-165
2000,"MY","Montana",0,0,0,0,0,-35,0,-35
2000,"NE","Nebraska",0,0,0,0,0,0,0,0
2000,"NV","Nevada",0,0,0,0,0,0,0,0
2000,"NH","NewHampshire",0,0,0,0,0,0,0,0
2000,"NJ","NewJersey",0,-23,0,0,0,0,-4,-27
2000,"NM","NewMexico",0,0,0,0,0,0,0,0
2000,"NY","NewYork",-4.8,-51,-178,0,0,-1,-200,-434.8
2000,"NC","NorthCarolina",0,0,0,0,0,0,0,0
2000,"ND","NorthDakota",0,0,0,0,0,0,0,0
2000,"OH","Ohio",0,-66.4,0,0,0,0,2.2,-64.2
2000,"OK","Oklahoma",0,-21,0,0,0,-47,0,-68
2000,"OR","Oregon",0,0,2.5,-0.5,0,0,0,2
2000,"PA","Pennsylvania",0,-7.5,-67,0,0,-198.5,0,-273
2000,"RI","RhodeIsland",0,-16,0,0,0,1.7,0,-14.3
2000,"SC","SouthCarolina",0,-53.7,0,0,0,-4.6,0,-58.3
2000,"SD","SouthDakota",0,0,0,0,0,0,0,0
2000,"TN","Tennessee",-200,0,858,0,0,0,72,730
2000,"TX","Texas",-330,0,-337,0,0,0,0,-667
2000,"UT","Utah",-11.6,0,0,0,0,0,0,-11.6
2000,"VT","Vermont",0,-35.5,0,0,0,0,0,-35.5
2000,"VA","Virginia",-26.3,-4.7,-7.2,0,0,0,0,-38.2
2000,"WA","Washington",0,0,0,0,0,2.3,0,2.3
2000,"WV","WestVirginia",0,0,0,0,0,7.1,0,7.1
2000,"WI","Wisconsin",1.2,0,0,0,0,0,0,1.2
2000,"WY","Wyoming",0,0,0,0,0,0,0,0
2001,"AL","Alabama",0,0,55,0,0,0,14.8,69.8
2001,"AK","Alaska",0,0,0,0,0,0,0,0
2001,"AZ","Arizona",0,0,0,0,0,0,0,0
2001,"AR","Arkansas",0,0,0,0,0,0,0,0
2001,"CA","California",-5,-107,-55,0,0,0,0,-167
2001,"CO","Colorado",-71.3,-121.2,0,0,0,-41.7,0,-234.2
2001,"CT","Connecticut",-3.5,-28.4,-15.7,0,0,-78.7,-1.8,-226.9
2001,"DE","Delaware",0,0,0,0,0,0,0,0
2001,"FL","Florida",-42.8,0,0,0,-31.8,-481.5,-22.2,-578.3
2001,"GA","Georgia",-7,0,-8,0,0,0,0,-15
2001,"HI","Hawaii",0,0,-24.8,0,0,0,0,-24.8
2001,"ID","Idaho",0,-1.2,0,0,0,0,0,-1.2
2001,"IL","Illinois",0,0,0,0,0,0,0,0
2001,"IN","Indiana",0,0,0,0,0,0,0,0
2001,"IA","Iowa",0,0,0,0,0,0,0,0
2001,"KS","Kansas",0,0,0,0,0,0,0,0
2001,"KY","Kentucky",0,0,0,0,0,0,0,0
2001,"LA","Louisiana",0,0,0,0,0,269,0,269
2001,"ME","Maine",-7.5,-23.1,0,0,0,2.8,0,-4.5
2001,"MD","Maryland",0,0,0,0,0,-3,0,-3
2001,"MA","Massachusettes",0,-135,0,0,0,0,0,-135
2001,"MI","Michigan",-9.6,-493.8,-271.1,0,0,-49,0,-823.5
2001,"MN","Minnesota",0,6.8,0,0,0,0,2.7,9.5
2001,"MS","Mississippi",0,0,0,0,0,0,0,0
2001,"MO","Missouri",0,0,0,0,0,0,0,0
2001,"MY","Montana",0,0,0,0,0,-18.4,0,-18.4
2001,"NE","Nebraska",0,0,0,0,0,0,0,0
2001,"NV","Nevada",0,0,0,0,0,0,0,0
2001,"NH","NewHampshire",0,0,22,28,0,36,0,86
2001,"NJ","NewJersey",0,0,0,0,0,0,4.6,4.6
2001,"NM","NewMexico",0,40,0,0,0,0,0,40
2001,"NY","NewYork",-1,-64,-77.6,0,-1,-261,20.5,-384.1
2001,"NC","NorthCarolina",0,0,0,0,0,0,0,0
2001,"ND","NorthDakota",0,0,0,0,0,0,0,0
2001,"OH","Ohio",0,0,-15,0,0,0,0,-15
2001,"OK","Oklahoma",0,-21.3,0,0,0,-69.2,1,-89.5
2001,"OR","Oregon",0,0,0,-1.7,0,0,0,-1.7
2001,"PA","Pennsylvania",-8.3,-16.2,0,0,0,-619,0,-643.5
2001,"RI","RhodeIsland",0,-17.6,0,0,0,0,0,-17.6
2001,"SC","SouthCarolina",-3.6,2.8,0,0,0,0,0,-0.8
2001,"SD","SouthDakota",0,0,0,0,0,0,0,0
2001,"TN","Tennessee",-1900,2316.7,0,0,0,0,0,416.7
2001,"TX","Texas",0,0,0,0,0,0,0,0
2001,"UT","Utah",0,0,0,0,0,-20,5,-15
2001,"VT","Vermont",0,0,0,0,0,4.6,0,4.6
2001,"VA","Virginia",0,0,0,0,0,0,0,0
2001,"WA","Washington",0,0,0,0,0,-45.9,0,-45.9
2001,"WV","WestVirginia",0,0,0,0,0,5.2,0,5.2
2001,"WI","Wisconsin",3.3,649.1,0,0,0,0,0,652.4
2001,"WY","Wyoming",13,0,0,0,0,5.5,0,41
2002,"AL","Alabama",0,0,0,0,0,0,0,0
2002,"AK","Alaska",0,0,0,0,0,0,0,0
2002,"AZ","Arizona",0,0,-15,0,0,0,0,-15
2002,"AR","Arkansas",0,0,0,0,0,0,0,0
2002,"CA","California",-34,0,-74,0,0,0,0,-108
2002,"CO","Colorado",0,0,0,0,0,0,0,0
2002,"CT","Connecticut",-149,0,-2,0,0,0,1.4,-149.6
2002,"DE","Delaware",0,0,0,0,0,0,0,0
2002,"FL","Florida",-43.3,0,0,0,0,-269.5,-0.4,-313.2
2002,"GA","Georgia",0,0,0,0,0,0,0,0
2002,"HI","Hawaii",0,-6.6,0,0,0,0,0,-6.6
2002,"ID","Idaho",0,-111.9,-24.7,0,0,-8.9,0,-145.5
2002,"IL","Illinois",0,-35,0,0,0,0,0,-35
2002,"IN","Indiana",0,0,0,0,0,0,0,0
2002,"IA","Iowa",0,0,0,0,0,0,6.4,6.4
2002,"KS","Kansas",0,0,0,0,0,0,0,0
2002,"KY","Kentucky",0,0,0,0,0,0,0,0
2002,"LA","Louisiana",0,0,0,0,0,-18.3,0,-18.3
2002,"ME","Maine",13.7,0,1.1,13.1,0,1.2,0,29.1
2002,"MD","Maryland",0,0,0,0,0,0,0,0
2002,"MA","Massachusettes",0,0,0,0,0,0,0,0
2002,"MI","Michigan",-10,-195.1,-154.1,0,0,-11.2,7.6,-362.8
2002,"MN","Minnesota",186.7,-629.5,-27.9,0,0,-59.9,151.5,-379.1
2002,"MS","Mississippi",0,0,0,0,0,0,0,0
2002,"MO","Missouri",0,0,0,0,0,0,0,0
2002,"MY","Montana",0,0,0,0,0,-3.6,0,-3.6
2002,"NE","Nebraska",0,0,0,0,0,0,0,0
2002,"NV","Nevada",0,0,0,0,0,0,0,0
2002,"NH","NewHampshire",0,0,0,0,0,-40,0,-40
2002,"NJ","NewJersey",0,-10,64,0,0,0,0,54
2002,"NM","NewMexico",0,-75,0,0,0,0,0,-75
2002,"NY","NewYork",-12.4,0,-28.8,0,0,-7.6,29.8,-19
2002,"NC","NorthCarolina",0,0,0,0,0,150,0,150
2002,"ND","NorthDakota",0,0,0,0,0,0,6.3,6.3
2002,"OH","Ohio",0,0,0,0,0,0,0,0
2002,"OK","Oklahoma",-3,-50.2,0,0,0,-2.3,0,-55.5
2002,"OR","Oregon",0,-1.6,-4.2,-0.9,0,0,0,-6.7
2002,"PA","Pennsylvania",-10.7,-17.8,0,0,0,-188.9,0,-217.4
2002,"RI","RhodeIsland",0,0,0,0,0,-2.4,1.5,-0.9
2002,"SC","SouthCarolina",75.1,-24.6,0,0,0,0,0,50.5
2002,"SD","SouthDakota",0,0,0,0,0,0,0,0
2002,"TN","Tennessee",707,-65,290,0,0,-22.5,0,909.5
2002,"TX","Texas",0,0,0,0,0,0,0,0
2002,"UT","Utah",0,-5.4,0,0,0,0,0,-5.4
2002,"VT","Vermont",0,0,0,28.2,3.8,11.2,0,43.2
2002,"VA","Virginia",0,0,0,0,0,0,1.8,1.8
2002,"WA","Washington",0,0,0,0,0,-0.3,0,-0.3
2002,"WV","WestVirginia",0,0,0,0,0,6,0,6
2002,"WI","Wisconsin",16,0,7.5,0,0,0,0,23.5
2002,"WY","Wyoming",0,0,0,0,0,0,0,0
2003,"AL","Alabama",0,0,0,0,0,0,15.6,15.6
2003,"AK","Alaska",0,0,0,0,0,0,0,0
2003,"AZ","Arizona",0,0,0,0,0,0,0,0
2003,"AR","Arkansas",0,0,0,0,0,0,0,0
2003,"CA","California",0,0,0,0,0,0,77.2,77.2
2003,"CO","Colorado",0,0,0,0,0,0,0,0
2003,"CT","Connecticut",15,8,0,122,0,18.2,0,163.2
2003,"DE","Delaware",0,0,0,0,0,0,0,0
2003,"FL","Florida",-26.6,0,0,0,0,0,0,-26.6
2003,"GA","Georgia",0,0,0,0,0,0,0,0
2003,"HI","Hawaii",0,-16.9,-4,0,0,42.1,0,21.2
2003,"ID","Idaho",0,0,0,0,0,0,0,0
2003,"IL","Illinois",0,0,0,0,0,0,0,0
2003,"IN","Indiana",0,0,0,0,0,0,4,4
2003,"IA","Iowa",0,0,0,0,0,0,3.7,3.7
2003,"KS","Kansas",0,0,0,0,0,0,0,0
2003,"KY","Kentucky",0,0,0,0,0,0,0,0
2003,"LA","Louisiana",0,0,0,0,0,0,0,0
2003,"ME","Maine",0,0,0,0,0,0,0,0
2003,"MD","Maryland",0,0,0,0,0,0,0,0
2003,"MA","Massachusettes",0,0,0,0,0,0,0,0
2003,"MI","Michigan",0,-222.4,-123.6,0,0,-261.5,0,-561.2
2003,"MN","Minnesota",21,31.6,33.3,97.9,0,-5.5,23.4,366
2003,"MS","Mississippi",0,0,0,0,0,0,0,0
2003,"MO","Missouri",0,0,0,0,0,31.5,50,81.5
2003,"MY","Montana",0,-0.3,0,0,0,-0.7,0,-1
2003,"NE","Nebraska",0,0,0,43.2,0,0,0,43.2
2003,"NV","Nevada",0,0,0,0,0,0,0,0
2003,"NH","NewHampshire",0,0,0,0,0,0,0,0
2003,"NJ","NewJersey",-26,24,11,200,0,79,312,600
2003,"NM","NewMexico",0,0,0,0,0,0,0,0
2003,"NY","NewYork",-8,0,0,0,0,-2.2,62.4,52.2
2003,"NC","NorthCarolina",0,0,0,0,0,0,0,0
2003,"ND","NorthDakota",-4.8,0,0,0,0,0,0,-4.8
2003,"OH","Ohio",185.1,0,41,5.1,0,0,0,231.2
2003,"OK","Oklahoma",0,0,0,0,0,0,0,0
2003,"OR","Oregon",0,0,0,0,0,0,0,0
2003,"PA","Pennsylvania",0,-12.4,0,0,0,-91,0,-103.4
2003,"RI","RhodeIsland",1.5,0,0,21,0,0,6.1,28.6
2003,"SC","SouthCarolina",0,-1.3,0,0,0,0,0,-1.3
2003,"SD","SouthDakota",0,0,0,0,0,0,0,0
2003,"TN","Tennessee",-1066.3,2258.7,75,0,0,0,0,1267.4
2003,"TX","Texas",0,0,0,0,0,0,0,0
2003,"UT","Utah",0,0,0,13.8,0,0,0,13.8
2003,"VT","Vermont",0,0,0,0,0,0,14.7,14.7
2003,"VA","Virginia",0,0,0,0,0,0,0,0
2003,"WA","Washington",81.4,0,0,0,0,86.8,0,168.2
2003,"WV","WestVirginia",-2.5,-10.3,0,0,0,-5.3,0,-18.1
2003,"WI","Wisconsin",0,-18.5,-6,0,0,0,8.1,-16.4
2003,"WY","Wyoming",0,0,0,0,0,0,0,0
2004,"AL","Alabama",0,0,0,0,0,0,0,0
2004,"AK","Alaska",0,0,0,0,0,11.5,28.8,78
2004,"AZ","Arizona",0,0,0,0,0,0,15.9,15.9
2004,"AR","Arkansas",223.6,0,0,0,0,0,0,223.6
2004,"CA","California",4584,2580,0,1170,0,0,179,8513
2004,"CO","Colorado",0,0,0,0,0,0,0,0
2004,"CT","Connecticut",-112.6,80,27.8,0,0,33.8,0,29
2004,"DE","Delaware",0,0,0,23.5,0,89,0,112.5
2004,"FL","Florida",-59.2,0,0,0,0,0,9.4,-49.8
2004,"GA","Georgia",0,0,0,337.1,50,0,11.2,398.3
2004,"HI","Hawaii",0,-4,-7.5,0,0,0,0,-11.5
2004,"ID","Idaho",240.3,-5.5,0,28.7,0,0,0,263.5
2004,"IL","Illinois",255,0,65,0,0,235,0,555
2004,"IN","Indiana",0,0,0,0,0,0,0,0
2004,"IA","Iowa",26.8,0,25,0,0,0,2.6,54.4
2004,"KS","Kansas",0,0,0,0,0,0,0,0
2004,"KY","Kentucky",0,0,0,0,0,0,0,0
2004,"LA","Louisiana",0,0,0,0,0,0,0,0
2004,"ME","Maine",0,0,0,0,0,0,2.5,2.5
2004,"MD","Maryland",0,0,0,0,0,45,350,395
2004,"MA","Massachusettes",0,0,0,0,0,0,400,400
2004,"MI","Michigan",0,26.8,59.1,0,0,43,87.7,255.6
2004,"MN","Minnesota",0,0,-1.4,0,0,67.7,17.5,83.8
2004,"MS","Mississippi",0,0,0,0,0,0,0,0
2004,"MO","Missouri",-5,11.9,38,278.5,0,30,106,459.4
2004,"MY","Montana",0,0,0,0,0,0,0,0
2004,"NE","Nebraska",0,0,0,22.9,0,0,0,22.9
2004,"NV","Nevada",0,0,0,120.9,17.3,260.9,37.1,436.2
2004,"NH","NewHampshire",0,0,0,0,0,0,0,0
2004,"NJ","NewJersey",45,15,0,78,0,140,180,458
2004,"NM","NewMexico",0,0,0,0,0,0,0,0
2004,"NY","NewYork",399.7,25,174.6,0,0,22,435.3,1056.6
2004,"NC","NorthCarolina",0,0,0,0,0,0,0,0
2004,"ND","NorthDakota",0,0,0,15,0,0,0,15
2004,"OH","Ohio",509,50.1,250.4,330.8,64.2,89.4,0,1293.9
2004,"OK","Oklahoma",-26,0,0,32.5,0,0,22.2,28.7
2004,"OR","Oregon",0,0,0,0,0,0,0,0
2004,"PA","Pennsylvania",0,2247.5,105.5,0,0,-30,29.2,2352.2
2004,"RI","RhodeIsland",0,0,-2,8.3,0,1,3.4,10.7
2004,"SC","SouthCarolina",0,0,0,0,0,0,0,0
2004,"SD","SouthDakota",4,0,0,14.8,3.7,0,0,22.5
2004,"TN","Tennessee",0,0,0,0,0,0,0,0
2004,"TX","Texas",0,0,0,0,0,0,0,0
2004,"UT","Utah",14,0,0,0,0,2.2,0,16.2
2004,"VT","Vermont",0,0,0,0,0,-13,1.5,-11.5
2004,"VA","Virginia",0,0,0,0,1,3.5,0,4.5
2004,"WA","Washington",0,0,0,0,0,0,0,0
2004,"WV","WestVirginia",-1.7,0,0,59.7,2,0,0,60
2004,"WI","Wisconsin",0,0,0,0,0,0,0,0
2004,"WY","Wyoming",0,0,0,0,0,0,0,0
2005,"AL","Alabama",0,0,0,0,0,50.3,35,85.3
2005,"AK","Alaska",0,0,0,35.5,0,19,0,54.5
2005,"AZ","Arizona",0,0,0,0,0,0,0,0
2005,"AR","Arkansas",0,64.6,5.4,54.8,0,0,0,124.8
2005,"CA","California",0,10.3,0,0,0,0,306,316.3
2005,"CO","Colorado",0,0,0,0,0,0,0,0
2005,"CT","Connecticut",5.7,8,0,90.7,4.4,0,0,108.8
2005,"DE","Delaware",0,0,0,0,0,0,0,0
2005,"FL","Florida",-48.1,0,0,0,0,-90.9,2.3,-136.7
2005,"GA","Georgia",0,0,0,0,0,0,0,0
2005,"HI","Hawaii",0,0,0,0,0,0,0,0
2005,"ID","Idaho",0,0,0,0,0,0,0,0
2005,"IL","Illinois",98,0,223,0,0,31,57,483
2005,"IN","Indiana",0,0,0,0,0,0,0,0
2005,"IA","Iowa",144.9,0,0,108,0,0,0.2,253.1
2005,"KS","Kansas",61.1,97.5,0,0,0,0,0,158.6
2005,"KY","Kentucky",0,0,0,0,0,0,0,0
2005,"LA","Louisiana",160,0,0,0,0,0,0,160
2005,"ME","Maine",0,0,0,0,0,0,10.1,10.1
2005,"MD","Maryland",0,0,0,0,0,0,40.5,40.5
2005,"MA","Massachusettes",23,0,47,0,0,0,17,87
2005,"MI","Michigan",0,0,0,295.1,0,94.4,1.6,391.1
2005,"MN","Minnesota",12.8,0,-0.6,0,0,0,10.6,22.8
2005,"MS","Mississippi",0,0,0,0,0,0,0,0
2005,"MO","Missouri",0,11.9,48.8,222.4,0,24.5,58.1,365.7
2005,"MY","Montana",0,-15.8,0,0,0,0,0,-15.8
2005,"NE","Nebraska",0,0,0,0,0,0,0,0
2005,"NV","Nevada",5.8,0,0,72.9,16.4,345.5,23.7,464.3
2005,"NH","NewHampshire",0,0,0,0,0,0,0,0
2005,"NJ","NewJersey",5,0,0,135,0,152,232,524
2005,"NM","NewMexico",0,0,0,0,0,37,0,37
2005,"NY","NewYork",441,-6.6,33,0,0,0,578.3,1045.7
2005,"NC","NorthCarolina",0,0,0,0,0,0,0,0
2005,"ND","NorthDakota",0,0,0,0,0,0,0,0
2005,"OH","Ohio",0,0,0,0,0,0,0,0
2005,"OK","Oklahoma",-53.7,-18.8,0,175.8,0,0,23.5,126.8
2005,"OR","Oregon",0,0,0,0,0,0,0,0
2005,"PA","Pennsylvania",-72.8,-13.9,0,0,0,-91.3,70,-108
2005,"RI","RhodeIsland",2.4,3.9,7.6,37.9,0,0,2.8,54.6
2005,"SC","SouthCarolina",0,0,0,0,0,0,0,0
2005,"SD","SouthDakota",0,0,0,0,0,0,0,0
2005,"TN","Tennessee",0,0,0,0,0,0,0,0
2005,"TX","Texas",0,0,0,0,0,0,21.1,21.1
2005,"UT","Utah",0,0,0,0,0,4.2,1.7,5.9
2005,"VT","Vermont",0,0,0,0,0,0,2,2
2005,"VA","Virginia",625.9,-71.4,35.4,146.5,0,-50.9,0,685.5
2005,"WA","Washington",0,0,0,0,0,0,0,0
2005,"WV","WestVirginia",0,0,0,37.1,0,0,0,37.1
2005,"WI","Wisconsin",0,-5.7,0,0,0,0,0,-5.7
2005,"WY","Wyoming",0,0,0,0,0,0,0,0
2006,"AL","Alabama",0,0,0,0,0,0,0,0
2006,"AK","Alaska",0,0,0,0,0,0,0,0
2006,"AZ","Arizona",0,0,0,0,0,0,0,0
2006,"AR","Arkansas",0,-48.2,-5.6,0,0,0,0,-53.8
2006,"CA","California",0,0,0,0,0,0,0,0
2006,"CO","Colorado",0,0,0,0,0,0,0,0
2006,"CT","Connecticut",7.5,3,74.5,112.9,7.4,139.2,0,344.5
2006,"DE","Delaware",0,0,0,0,0,0,0,0
2006,"FL","Florida",-92.6,0,0,0,-32.4,-235,0,-360
2006,"GA","Georgia",0,0,0,0,0,0,0,0
2006,"HI","Hawaii",0,0,0,0,0,0,0,0
2006,"ID","Idaho",-170,0,0,0,0,0,0,-170
2006,"IL","Illinois",65,0,18,155,0,74,0,312
2006,"IN","Indiana",-22.5,290,0,0,0,0,0,267.5
2006,"IA","Iowa",0,0,25,129.9,0,0,0,154.9
2006,"KS","Kansas",0,0,0,0,0,0,0,0
2006,"KY","Kentucky",0,0,0,0,0,0,0,0
2006,"LA","Louisiana",0,0,0,0,0,0,0,0
2006,"ME","Maine",3,0,0,0,0,0,2,5
2006,"MD","Maryland",0,0,0,0,0,0,12.5,12.5
2006,"MA","Massachusettes",0,-225,0,0,0,0,0,-225
2006,"MI","Michigan",84.8,5,0,0,0,98.4,13,201.2
2006,"MN","Minnesota",1.6,-3.3,-1,0,0,-0.3,234.8,231.8
2006,"MS","Mississippi",0,0,0,0,0,0,0,0
2006,"MO","Missouri",0,0,0,0,0,0,0,0
2006,"MY","Montana",0,0,0,0,0,-2.5,0,-2.5
2006,"NE","Nebraska",0,0,0,0,0,0,0,0
2006,"NV","Nevada",0,0,0,0,0,0,0,0
2006,"NH","NewHampshire",0,0,0,43.5,0,0,0,43.5
2006,"NJ","NewJersey",365,130,50,0,0,200,0,745
2006,"NM","NewMexico",-6.7,-9.4,0,0,0,0,0,-16.1
2006,"NY","NewYork",452.7,-192.5,11,0,37.7,68,373.1,750
2006,"NC","NorthCarolina",106.2,0,0,171.4,0,30.7,0,308.3
2006,"ND","NorthDakota",0,0,0,0,0,0,9.8,9.8
2006,"OH","Ohio",-719,-306,123,370,50,200,0,-282
2006,"OK","Oklahoma",0,0,0,0,0,0,0,0
2006,"OR","Oregon",0,0,0,0,0,0,0,0
2006,"PA","Pennsylvania",-2.8,0,-132.8,0,0,-10,0,-145.6
2006,"RI","RhodeIsland",0,0,0,0,0,4.6,5.8,10.4
2006,"SC","SouthCarolina",0,-7,0,0,0,0,0,-7
2006,"SD","SouthDakota",0,0,0,0,0,0,0,0
2006,"TN","Tennessee",0,0,0,0,0,0,0,0
2006,"TX","Texas",0,0,0,0,0,0,0,0
2006,"UT","Utah",0,0,0,0,0,0,0,0
2006,"VT","Vermont",0,0,0,0,0,25.2,1.7,26.9
2006,"VA","Virginia",-99.1,0,-9.4,0,0,0,0,-108.5
2006,"WA","Washington",148.1,0,0,0,95.1,10.9,0,254.1
2006,"WV","WestVirginia",0,2,2,0,0,6,0,10
2006,"WI","Wisconsin",-1.8,-4.9,0,0,0,0,101.4,94.7
2006,"WY","Wyoming",0,0,0,0,0,0,0,0
2007,"AL","Alabama",-3.5,-28,0,0,0,0,0,-31.5
2007,"AK","Alaska",0,0,0,0,0,430.3,0,430.3
2007,"AZ","Arizona",-25,-35,-20,0,0,-20,0,-100
2007,"AR","Arkansas",0,0,0,0,0,0,0,0
2007,"CA","California",35,202,0,0,0,0,0,237
2007,"CO","Colorado",0,0,0,0,0,0,0,0
2007,"CT","Connecticut",0,0,43.7,0,0,79,0,122.7
2007,"DE","Delaware",0,0,0,0,0,0,0,0
2007,"FL","Florida",-140.7,0,0,0,0,-175.9,0,-316.6
2007,"GA","Georgia",-20,-87.8,0,0,0,0,0,-182.8
2007,"HI","Hawaii",0,-295.6,9,0,0,0,0,-286.6
2007,"ID","Idaho",-7.3,4,3,0,0,0,0,-0.3
2007,"IL","Illinois",0,-90,10,0,0,0,0,-11
2007,"IN","Indiana",-8,-1.4,32.4,0,0,0,21.4,44.4
2007,"IA","Iowa",0,0,25,129.9,7.4,0,14.6,176.9
2007,"KS","Kansas",0,0,0,0,0,0,0,0
2007,"KY","Kentucky",0,0,-3.2,0,0,0,0,-3.2
2007,"LA","Louisiana",0,0,0,0,0,0,0,0
2007,"ME","Maine",0,0,0,0,0,0,0,0
2007,"MD","Maryland",0,-13.3,0,0,0,-14,0,-27.3
2007,"MA","Massachusettes",0,-132,0,0,0,0,0,-132
2007,"MI","Michigan",42.9,3.8,45.9,0,0,13.6,23,129.2
2007,"MN","Minnesota",0,-38.6,-3.6,0,0,0,8.7,-33.5
2007,"MS","Mississippi",0,0,0,0,0,0,0,0
2007,"MO","Missouri",0,0,0,0,0,0,0,0
2007,"MY","Montana",0,0,0,0,0,0,0,0
2007,"NE","Nebraska",-16.1,-63.2,0,0,0,0,0,-79.3
2007,"NV","Nevada",0,0,0,0,0,0,0,0
2007,"NH","NewHampshire",0,0,0,0,0,0,0,0
2007,"NJ","NewJersey",1333,-105,60,80,12,29,0,1426
2007,"NM","NewMexico",-8.3,-0.7,-1.8,0,0,0,0,-10.8
2007,"NY","NewYork",-40,-728,-77,308,0,0,88.7,-448.3
2007,"NC","NorthCarolina",-203.7,-3,0,0,0,-23.6,0,-230.3
2007,"ND","NorthDakota",0,0,0,0,0,0,0,0
2007,"OH","Ohio",0,0,0,0,0,0,0,0
2007,"OK","Oklahoma",0,-13.9,0,0,0,-5.4,0,-19.3
2007,"OR","Oregon",0,0,0,0,0,0,0,0
2007,"PA","Pennsylvania",0,0,0,0,0,-35.6,0,-35.6
2007,"RI","RhodeIsland",-1,0,0,0,0,0,1.5,0.5
2007,"SC","SouthCarolina",0,0,0,0,0,0,0,0
2007,"SD","SouthDakota",0,0,0,0,0,0,0,0
2007,"TN","Tennessee",-11,0,0,0,0,0,0,-11
2007,"TX","Texas",0,0,0,0,0,0,0,0
2007,"UT","Utah",-167,0,0,0,0,0,8.1,-158.9
2007,"VT","Vermont",0,0,0,0,0,0,1.1,1.1
2007,"VA","Virginia",380.7,0,0,0,0,250.1,147.4,778.2
2007,"WA","Washington",-2.9,0,0,0,0,44.1,0,41.2
2007,"WV","WestVirginia",0,0,0,0,0,0,0,0
2007,"WI","Wisconsin",0,0,0,0,0,0,0,0
2007,"WY","Wyoming",-51.6,0,0,0,0,0,0,-51.6
2008,"AL","Alabama",-12,-34.5,-6.8,0,0,0,0,-53.3
2008,"AK","Alaska",0,0,0,0,0,0,-1.4,-1.4
2008,"AZ","Arizona",0,0,0,0,0,0,0,0
2008,"AR","Arkansas",-179.9,-14.7,0,0,0,-26.9,0,-197.8
2008,"CA","California",35,165,0,0,0,0,0,200
2008,"CO","Colorado",0,0,0,0,0,0,7.4,7.4
2008,"CT","Connecticut",-35,717.5,20.2,81.5,0,-21.3,4.3,767.2
2008,"DE","Delaware",0,0,0,42,0,0,34.3,99.7
2008,"FL","Florida",-88.2,0,-82.4,0,0,0,0,-170.6
2008,"GA","Georgia",-1.5,-94.2,0,0,0,0,0,-95.7
2008,"HI","Hawaii",-71.9,-156.7,0,0,0,14,0,-214.6
2008,"ID","Idaho",0,-22,0,0,0,0,0,-22
2008,"IL","Illinois",5,27,2626,0,0,178,0,2836
2008,"IN","Indiana",0,-5.8,0,0,0,0,0,-5.8
2008,"IA","Iowa",0,-6.3,25,138.4,0,0,1.5,158.6
2008,"KS","Kansas",0,0,-5.8,0,0,-7,0,-12.8
2008,"KY","Kentucky",0,0,-38.3,0,0,-14.3,0,-52.6
2008,"LA","Louisiana",0,-28.1,-28.1,0,0,0,0,-56.2
2008,"ME","Maine",2.4,-3.1,9.7,66,0,0,0,75
2008,"MD","Maryland",0,0,0,0,0,0,0,0
2008,"MA","Massachusettes",0,0,0,0,0,0,0,0
2008,"MI","Michigan",-100.8,3.9,1086,57.6,27,1630.1,112.4,2816.2
2008,"MN","Minnesota",-12.5,-36.6,-8.6,0,0,20.9,11.6,-25.2
2008,"MS","Mississippi",0,0,0,0,0,0,0,0
2008,"MO","Missouri",0,-102.7,0,0,0,-14,0,-116.7
2008,"MY","Montana",0,0,7.5,0,0,-2.5,0,5
2008,"NE","Nebraska",-5.7,-227.4,0,0,0,-9.7,0,-242.8
2008,"NV","Nevada",-20,0,0,0,0,0,0,-20
2008,"NH","NewHampshire",0,0,0,48.5,0,0,0,48.5
2008,"NJ","NewJersey",0,-64,-275,0,0,0,0,-339
2008,"NM","NewMexico",-10.3,-102.6,0,0,0,0,0,-112.9
2008,"NY","NewYork",16,-1179,398,0,15,0,66.6,-683.4
2008,"NC","NorthCarolina",0,-49.2,-35.8,0,0,0,0,-85
2008,"ND","NorthDakota",0,0,0,0,0,0,0,0
2008,"OH","Ohio",0,-1429.7,4.2,0,0,-128.5,0,-1554
2008,"OK","Oklahoma",0,0,0,0,0,0,0,0
2008,"OR","Oregon",0,0,42.3,72.7,0,0,5,120
2008,"PA","Pennsylvania",826,0,0,77.5,0,-1.4,9.2,911.3
2008,"RI","RhodeIsland",0,0,0,0,0,7.4,24,31.4
2008,"SC","SouthCarolina",0,-205.2,0,107.3,0,0,0,-97.9
2008,"SD","SouthDakota",0,0,0,41.8,0,0,0,41.8
2008,"TN","Tennessee",7.7,0,0,211.9,0,0,0,219.6
2008,"TX","Texas",0,0,0,0,0,0,0,0
2008,"UT","Utah",0,-100,0,0,0,0,34.5,-65.5
2008,"VT","Vermont",0,0,0,0,0,0,2.6,2.6
2008,"VA","Virginia",0,-13.8,0,0,0,0,0,-13.8
2008,"WA","Washington",0,0,0,0,0,0,0,0
2008,"WV","WestVirginia",-12.6,0,0,0,0,0,0,33.2
2008,"WI","Wisconsin",-10.3,-55.5,-37.1,275.7,0,179.3,0,352.1
2008,"WY","Wyoming",0,0,0,0,0,0,0,0
2009,"AL","Alabama",0,-17.4,-6.7,0,0,40,0,15.9
2009,"AK","Alaska",0,0,0,0,0,-1.8,-2.5,-4.3
2009,"AZ","Arizona",0,0,0,0,0,0,0,0
2009,"AR","Arkansas",-10.3,0,0,0,0,0,0,-10.3
2009,"CA","California",21,0,0,0,0,0,0,21
2009,"CO","Colorado",0,0,0,0,0,0,0,0
2009,"CT","Connecticut",-23,0,-35,0,0,0,0,-58
2009,"DE","Delaware",0,0,0,0,0,0,0,0
2009,"FL","Florida",-28.7,0,-11.5,0,0,0,0,-40.2
2009,"GA","Georgia",0,0,0,0,0,0,0,0
2009,"HI","Hawaii",0,-17,0,0,0,0,0,-17
2009,"ID","Idaho",0,-23.8,0,0,0,0,0,-23.8
2009,"IL","Illinois",0,0,0,0,0,0,0,0
2009,"IN","Indiana",928,0,0,0,0,-1708,0,-780
2009,"IA","Iowa",0,0,75,0,0,0,34.7,109.7
2009,"KS","Kansas",0,0,0,0,0,0,0,0
2009,"KY","Kentucky",0,0,0,0,0,0,0,0
2009,"LA","Louisiana",-69,-10,0,0,0,0,0,-79
2009,"ME","Maine",0,0,0,0,0,0,0,0
2009,"MD","Maryland",371.9,162.1,82.9,179,0,0,0,795.9
2009,"MA","Massachusettes",0,0,0,0,0,0,0,0
2009,"MI","Michigan",0,0,-34.8,0,0,0,0,-34.8
2009,"MN","Minnesota",-77.3,11,99.2,0,0,1.5,27,61.4
2009,"MS","Mississippi",0,0,0,0,0,0,0,0
2009,"MO","Missouri",-1.1,-36.3,0,0,0,0,0,-37.4
2009,"MY","Montana",0,0,0,0,0,0,0,0
2009,"NE","Nebraska",0,0,0,0,0,0,0,0
2009,"NV","Nevada",0,0,0,0,0,0,0,0
2009,"NH","NewHampshire",0,0,0,0,0,0,0,0
2009,"NJ","NewJersey",-60,0,0,0,0,0,0,-60
2009,"NM","NewMexico",-0.7,-0.9,-0.8,0,0,0,0,-2.4
2009,"NY","NewYork",80.8,374,458,3.6,15,20.7,0,952.1
2009,"NC","NorthCarolina",-1.5,0,0,99,66,0,1,164.5
2009,"ND","NorthDakota",0,0,0,0,0,0,0,0
2009,"OH","Ohio",0,0,0,0,0,0,0,0
2009,"OK","Oklahoma",0,0,0,0,0,0,0,0
2009,"OR","Oregon",0,0,0,0,0,0,0,0
2009,"PA","Pennsylvania",0,0,0,0,0,-240.4,0,-240.4
2009,"RI","RhodeIsland",0,0,0,0,0,0,0,0
2009,"SC","SouthCarolina",0,-107.3,0,107.3,0,0,0,0
2009,"SD","SouthDakota",0,0,0,0,0,0,0,0
2009,"TN","Tennessee",0,0,0,0,0,0,0,0
2009,"TX","Texas",0,0,0,0,0,0,0,0
2009,"UT","Utah",0,0,0,0,0,0,23.3,23.3
2009,"VT","Vermont",0,0,0,0,0,0,7,7
2009,"VA","Virginia",-1.5,0,0,0,0,0,0,-1.5
2009,"WA","Washington",0,0,0,0,0,-1,0,-1
2009,"WV","WestVirginia",-25.9,-13.6,-20.6,0,0,-8.1,0,-68.2
2009,"WI","Wisconsin",0,-14.3,15,0,0,0,0,0.7
2009,"WY","Wyoming",0,0,0,0,0,0,0,0
2010,"AL","Alabama",0,0,0,0,0,0,0,0
2010,"AK","Alaska",0,0,0,0,0,0,-3.2,-11.2
2010,"AZ","Arizona",0,0,0,0,0,0,0,0
2010,"AR","Arkansas",-44.3,0,0,86.2,0,0,0,41.9
2010,"CA","California",4776,4744,4,0,38,0,1692,11254
2010,"CO","Colorado",0,0,0,0,0,-2.9,200,197.1
2010,"CT","Connecticut",0,0,0,0,0,0,137.2,137.2
2010,"DE","Delaware",0,30,0,16,3.5,111.4,3.5,164.4
2010,"FL","Florida",0,0,0,0,0,0,151.3,151.3
2010,"GA","Georgia",0,0,0,0,0,0,23,23
2010,"HI","Hawaii",0,0,0,0,0,0,0,0
2010,"ID","Idaho",0,0,0,0,0,6,16,39.6
2010,"IL","Illinois",94,2920,470,365,0,593,0,4442
2010,"IN","Indiana",0,0,0,0,0,0,0,0
2010,"IA","Iowa",0,0,28,0,0,0,0,28
2010,"KS","Kansas",0,4.4,0,0,0,19,0,23.4
2010,"KY","Kentucky",52,0,0,107,0,0,0,159
2010,"LA","Louisiana",0,0,0,0,0,-8,0,-8
2010,"ME","Maine",0,10,2.6,1.5,0,3.8,1.6,19.5
2010,"MD","Maryland",0,0,0,0,0,4.5,0,4.5
2010,"MA","Massachusettes",149.2,0,0,0,0,0,0,149.2
2010,"MI","Michigan",50.6,61.1,0,48.2,24.1,10,0,194
2010,"MN","Minnesota",-33.6,-39.9,-82.1,0,0,-5.8,14.6,-146.8
2010,"MS","Mississippi",0,0,0,79.8,0,0,0,79.8
2010,"MO","Missouri",0,0,0,0,0,0,0,0
2010,"MY","Montana",0,0,0,0,0,0,0,0
2010,"NE","Nebraska",0,0,0,0,0,0,0,0
2010,"NV","Nevada",0,0,0,0,0,0,0,0
2010,"NH","NewHampshire",0,0,0,35,0,28.1,0,63.1
2010,"NJ","NewJersey",0,788,80,26,22,4,0,940
2010,"NM","NewMexico",0,0,0,0,0,0,0,0
2010,"NY","NewYork",1463.4,250,0,26.7,78,0,2192.7,4010.8
2010,"NC","NorthCarolina",0,-10.4,-12,342.9,157.5,0,27.4,505.4
2010,"ND","NorthDakota",0,-50,0,0,0,0,0,-50
2010,"OH","Ohio",0,0,0,0,0,0,0,0
2010,"OK","Oklahoma",0,0,0,0,0,0,29.7,29.7
2010,"OR","Oregon",0,0,28,37,0,232,442,797
2010,"PA","Pennsylvania",0,0,0,60.8,0,-77.8,0,-17
2010,"RI","RhodeIsland",2.7,-5,-14.5,27.5,0,-0.6,7.6,17.7
2010,"SC","SouthCarolina",0,-102,0,102,0,1,4.6,5.6
2010,"SD","SouthDakota",0,0,0,0,0,0,0,0
2010,"TN","Tennessee",0,0,25,0,0,139.3,0,164.3
2010,"TX","Texas",0,0,0,0,0,0,0,0
2010,"UT","Utah",0,0,0,0,0,0,73.8,73.8
2010,"VT","Vermont",0,0,0,0,0,0,8.9,8.9
2010,"VA","Virginia",2,58.5,10,0,0,0.3,0,70.8
2010,"WA","Washington",0,0,0,0,0,0,0,0
2010,"WV","WestVirginia",0,0,0,0,0,0,0,0
2010,"WI","Wisconsin",0,175.6,0,127.4,0,15.2,0,318.2
2010,"WY","Wyoming",0,0,0,0,0,0,0,0
2011,"AL","Alabama",0,0,0,0,0,0,0,0
2011,"AK","Alaska",0,0,0,0,0,0,0,0
2011,"AZ","Arizona",918,0,0,0,0,0,17.3,935.3
2011,"AR","Arkansas",0,0,0,0,0,0,0,0
2011,"CA","California",-2844,0,0,0,0,0,0,-976
2011,"CO","Colorado",0,0,0,0,0,0,0,0
2011,"CT","Connecticut",0,0,0,0,0,0,0,0
2011,"DE","Delaware",0,0,0,0,0,0,0,0
2011,"FL","Florida",-42.5,0,-57.4,0,0,0,0,-99.9
2011,"GA","Georgia",130,0,0,0,0,0,96,226
2011,"HI","Hawaii",20.6,0,0,0,0,0,0,20.6
2011,"ID","Idaho",0,0,0,0,0,0,0,0
2011,"IL","Illinois",0,0,0,0,0,220,0,220
2011,"IN","Indiana",0,0,0,0,0,0,0,0
2011,"IA","Iowa",0,-8.8,52.5,0,0,0,-8.9,34.8
2011,"KS","Kansas",351.3,0,0,52,0,17.5,0,420.8
2011,"KY","Kentucky",0,0,0,0,0,0,0,0
2011,"LA","Louisiana",0,0,0,0,0,0,0,0
2011,"ME","Maine",-0.7,0,4.8,1.9,0,22.6,3,31.6
2011,"MD","Maryland",0,0,0,0,0,0,17,17
2011,"MA","Massachusettes",0,0,0,0,0,0,0,0
2011,"MI","Michigan",725.1,-3,-170.8,0,0,132.9,8.6,692.8
2011,"MN","Minnesota",0,-10,-10,0,0,26.9,0,6.9
2011,"MS","Mississippi",0,0,0,0,0,0,4.1,4.1
2011,"MO","Missouri",0,0,0,0,0,0,0,0
2011,"MY","Montana",0,0,0,0,0,0,0,0
2011,"NE","Nebraska",0,0,0,0,0,0,0,0
2011,"NV","Nevada",0,0,0,0,0,0,0,0
2011,"NH","NewHampshire",0,0,0,10,0,0,0,10
2011,"NJ","NewJersey",0,-957.9,-35,0,0,0.5,5,-987.4
2011,"NM","NewMexico",71.8,0,0,35.8,0,0,0,107.6
2011,"NY","NewYork",-5,30,0,210,0,1001,282.2,1518.2
2011,"NC","NorthCarolina",0,0,-15.8,0,0,0,0,-15.8
2011,"ND","NorthDakota",-4.6,-48.6,-5,0,0,-5.6,0,-63.8
2011,"OH","Ohio",0,0,-420,0,0,0,0,-420
2011,"OK","Oklahoma",0,0,0,0,0,0,0,0
2011,"OR","Oregon",0,0,0,0,0,0,0,0
2011,"PA","Pennsylvania",0.1,0,0.1,0,0,0.1,0,0.3
2011,"RI","RhodeIsland",0,-5.4,-14.3,0,0,0.1,0,-19.6
2011,"SC","SouthCarolina",0,0,0,0,0,0,0,0
2011,"SD","SouthDakota",0,0,0,0,0,0,0,0
2011,"TN","Tennessee",39.8,0,10,0,0,0,21.9,71.7
2011,"TX","Texas",0,0,0,0,0,0,0,0
2011,"UT","Utah",0,0,0,0,0,0,0,0
2011,"VT","Vermont",0,0,0,0,0,-9.7,2.5,-7.2
2011,"VA","Virginia",0,0,0,0,0,0,10,10
2011,"WA","Washington",164,0,0,88.8,0,498.8,182,933.6
2011,"WV","WestVirginia",0,-1,0,0,0,0,0,-1
2011,"WI","Wisconsin",21,251.4,-5,169.8,0,-1,0,436.2
2011,"WY","Wyoming",0,0,0,0,0,0,0,0
2012,"AL","Alabama",0,0,0,0,0,0,0,0
2012,"AK","Alaska",0,0,0,0,0,0,0,0
2012,"AZ","Arizona",0,0,0,0,0,0,0,0
2012,"AR","Arkansas",-15.5,0,0,0,0,0,0,-15.5
2012,"CA","California",4549,3595,1253,0,0,0,1382,10779
2012,"CO","Colorado",0,0,0,0,0,0,0,0
2012,"CT","Connecticut",464.3,877.8,36,54.3,9.2,409.9,21.3,1924.4
2012,"DE","Delaware",0,0,0,0,0,0,0,0
2012,"FL","Florida",0,0,-458.8,0,0,0,-235.7,-694.5
2012,"GA","Georgia",0,0,0,0,0,0,0,0
2012,"HI","Hawaii",0,50.2,21.3,0,0,23.4,0,94.9
2012,"ID","Idaho",0,0,0,0,0,0,0,0
2012,"IL","Illinois",0,0,0,0,0,0,0,0
2012,"IN","Indiana",0,0,0,0,0,0,0,0
2012,"IA","Iowa",0,-11.9,-136.2,0,0,190,0,41.9
2012,"KS","Kansas",0,0,0,0,0,0,0,0
2012,"KY","Kentucky",0,0,0,0,0,0,0,0
2012,"LA","Louisiana",0,0,0,0,0,0,0,0
2012,"ME","Maine",49.9,13.9,-25.1,0,0,19,0,57.7
2012,"MD","Maryland",17.8,0,0,0,84.8,1.9,0,104.5
2012,"MA","Massachusettes",0,0,0,0,0,0,0,0
2012,"MI","Michigan",0,804.4,-1075,0,0,0.1,13.5,-257
2012,"MN","Minnesota",15.4,1089.9,182.9,0,0,450.3,10.8,1749.3
2012,"MS","Mississippi",0,0,0,0,0,0,0,0
2012,"MO","Missouri",0,0,0,0,0,0,0,0
2012,"MY","Montana",0,0,3.9,0,0,-1.5,0,2.4
2012,"NE","Nebraska",0,-2,0,0,0,0,0,-2
2012,"NV","Nevada",0,0,0,0,0,0,0,0
2012,"NH","NewHampshire",0,0,0,0,0,0,0,0
2012,"NJ","NewJersey",-2.5,-23,-100.2,0,0,-73.5,0,-199.2
2012,"NM","NewMexico",0,0,0,0,0,0,0,0
2012,"NY","NewYork",0,0,0,0,0,0,0,0
2012,"NC","NorthCarolina",826.6,-65,-115,0,0,-2,0,644.6
2012,"ND","NorthDakota",0,-25,0,0,0,0,0,-25
2012,"OH","Ohio",0,-400,0,0,0,-17,0,-417
2012,"OK","Oklahoma",0,0,0,0,0,0,0,0
2012,"OR","Oregon",0,0,0,0,0,-78.4,27.9,-50.5
2012,"PA","Pennsylvania",0,0,0,0,0,-66.6,0,-66.6
2012,"RI","RhodeIsland",164.9,0,-5.8,0,0,-0.7,4.9,163.3
2012,"SC","SouthCarolina",0,0,0,0,0,0,0,0
2012,"SD","SouthDakota",0,0,0,0,0,0,0,0
2012,"TN","Tennessee",0,0,0,0,0,100.4,0,100.4
2012,"TX","Texas",0,0,-75,0,0,0,0,-75
2012,"UT","Utah",0,0,0,0,0,0,0,0
2012,"VT","Vermont",0,0,0,0,0,0,30.9,30.9
2012,"VA","Virginia",0,0,0,0,0,0,0,0
2012,"WA","Washington",0,0,0,0,0,0,0,0
2012,"WV","WestVirginia",-11,0,0,0,0,0,0,-11
2012,"WI","Wisconsin",0,-36.8,-43.2,0,0,0,0,-80
2012,"WY","Wyoming",0,0,0,0,0,0,0,0
